"recipient_code","recipient_name","iso3","wb_name","gbd_location_name","continent","continent_name","region","region_name","subregion","subregion_name","has_worldbank_data","has_gbd_data","no_data_reason","source_12262","source_12263","source_13040","source_51010"
"AFG","Afghanistan","AFG","Afghanistan","Afghanistan","S","Asia","S4_S7","Southern and Central Asia","AFG","Afghanistan",TRUE,TRUE,,"own","own","own","own"
"ALB","Albania","ALB","Albania","Albania","E","Europe","ALB","Albania","ALB","Albania",TRUE,TRUE,,"own","own","own","own"
"DZA","Algeria","DZA","Algeria","Algeria","F","Africa","F4","Northern Africa","DZA","Algeria",TRUE,TRUE,,"own","own","own","own"
"AGO","Angola","AGO","Angola","Angola","F","Africa","F6","Sub-Saharan Africa","F5","Middle Africa",TRUE,TRUE,,"own","own","own","own"
"AIA","Anguilla",,,,"A","America","A5","Central America and the Caribbean","A4","Caribbean",FALSE,FALSE,"small territory, not a World Bank economy","regional (subregion)","regional (subregion)","regional (subregion)","regional (subregion)"
"ATG","Antigua and Barbuda","ATG","Antigua and Barbuda","Antigua and Barbuda","A","America","A5","Central America and the Caribbean","A4","Caribbean",TRUE,TRUE,,"own","own","own","own"
"ARG","Argentina","ARG","Argentina","Argentina","A","America","A7","South America","ARG","Argentina",TRUE,TRUE,,"own","own","own","own"
"ARM","Armenia","ARM","Armenia","Armenia","S","Asia","S4_S7","Southern and Central Asia","ARM","Armenia",TRUE,TRUE,,"own","own","own","own"
"ABW","Aruba","ABW","Aruba",,"A","America","A5","Central America and the Caribbean","A4","Caribbean",TRUE,FALSE,,"regional (subregion)","regional (subregion)","regional (subregion)","regional (subregion)"
"AZE","Azerbaijan","AZE","Azerbaijan","Azerbaijan","S","Asia","S4_S7","Southern and Central Asia","AZE","Azerbaijan",TRUE,TRUE,,"own","own","own","own"
"BHS","Bahamas","BHS","Bahamas, The","Bahamas","A","America","A5","Central America and the Caribbean","A4","Caribbean",TRUE,TRUE,,"own","own","own","own"
"BHR","Bahrain","BHR","Bahrain","Bahrain","S","Asia","F97","Middle East","BHR","Bahrain",TRUE,TRUE,,"own","own","own","own"
"BGD","Bangladesh","BGD","Bangladesh","Bangladesh","S","Asia","S4_S7","Southern and Central Asia","BGD","Bangladesh",TRUE,TRUE,,"own","own","own","own"
"BRB","Barbados","BRB","Barbados","Barbados","A","America","A5","Central America and the Caribbean","A4","Caribbean",TRUE,TRUE,,"own","own","own","own"
"BLR","Belarus","BLR","Belarus","Belarus","E","Europe","BLR","Belarus","BLR","Belarus",TRUE,TRUE,,"own","own","own","own"
"BLZ","Belize","BLZ","Belize","Belize","A","America","A5","Central America and the Caribbean","A3","Central America",TRUE,TRUE,,"own","own","own","own"
"BEN","Benin","BEN","Benin","Benin","F","Africa","F6","Sub-Saharan Africa","F8","Western Africa",TRUE,TRUE,,"own","own","own","own"
"BMU","Bermuda","BMU","Bermuda","Bermuda","A","America","A2","Northern America","BMU","Bermuda",TRUE,TRUE,,"own","own","own","regional (continent)"
"BTN","Bhutan","BTN","Bhutan","Bhutan","S","Asia","S4_S7","Southern and Central Asia","BTN","Bhutan",TRUE,TRUE,,"own","own","own","own"
"BOL","Bolivia","BOL","Bolivia","Bolivia (Plurinational State of)","A","America","A7","South America","BOL","Bolivia",TRUE,TRUE,,"own","own","own","own"
"BIH","Bosnia and Herzegovina","BIH","Bosnia and Herzegovina","Bosnia and Herzegovina","E","Europe","BIH","Bosnia and Herzegovina","BIH","Bosnia and Herzegovina",TRUE,TRUE,,"own","own","own","own"
"BWA","Botswana","BWA","Botswana","Botswana","F","Africa","F6","Sub-Saharan Africa","F7","Southern Africa",TRUE,TRUE,,"own","own","own","own"
"BRA","Brazil","BRA","Brazil","Brazil","A","America","A7","South America","BRA","Brazil",TRUE,TRUE,,"own","own","own","own"
"VGB","British Virgin Islands","VGB","British Virgin Islands",,"A","America","A5","Central America and the Caribbean","A4","Caribbean",TRUE,FALSE,,"regional (subregion)","regional (subregion)","regional (subregion)","regional (subregion)"
"BRN","Brunei Darussalam","BRN","Brunei Darussalam","Brunei Darussalam","S","Asia","S97","Far East Asia","BRN","Brunei Darussalam",TRUE,TRUE,,"own","own","own","own"
"BFA","Burkina Faso","BFA","Burkina Faso","Burkina Faso","F","Africa","F6","Sub-Saharan Africa","F8","Western Africa",TRUE,TRUE,,"own","own","own","own"
"BDI","Burundi","BDI","Burundi","Burundi","F","Africa","F6","Sub-Saharan Africa","F3","Eastern Africa",TRUE,TRUE,,"own","own","own","own"
"CPV","Cabo Verde","CPV","Cabo Verde","Cabo Verde","F","Africa","F6","Sub-Saharan Africa","F8","Western Africa",TRUE,TRUE,,"own","own","own","own"
"KHM","Cambodia","KHM","Cambodia","Cambodia","S","Asia","S97","Far East Asia","KHM","Cambodia",TRUE,TRUE,,"own","own","own","own"
"CMR","Cameroon","CMR","Cameroon","Cameroon","F","Africa","F6","Sub-Saharan Africa","F5","Middle Africa",TRUE,TRUE,,"own","own","own","own"
"CYM","Cayman Islands","CYM","Cayman Islands",,"A","America","A5","Central America and the Caribbean","A4","Caribbean",TRUE,FALSE,,"regional (subregion)","regional (subregion)","regional (subregion)","regional (subregion)"
"CAF","Central African Republic","CAF","Central African Republic","Central African Republic","F","Africa","F6","Sub-Saharan Africa","F5","Middle Africa",TRUE,TRUE,,"own","own","own","own"
"TCD","Chad","TCD","Chad","Chad","F","Africa","F6","Sub-Saharan Africa","F5","Middle Africa",TRUE,TRUE,,"own","own","own","own"
"CHL","Chile","CHL","Chile","Chile","A","America","A7","South America","CHL","Chile",TRUE,TRUE,,"own","own","own","own"
"CHN","China (People’s Republic of)","CHN","China","China","S","Asia","S97","Far East Asia","CHN","China (People’s Republic of)",TRUE,TRUE,,"own","own","own","own"
"TWN","Chinese Taipei",,,"Taiwan","S","Asia","S97","Far East Asia","TWN","Chinese Taipei",FALSE,TRUE,"not in the World Bank economy list","own","own","own","regional (region)"
"COL","Colombia","COL","Colombia","Colombia","A","America","A7","South America","COL","Colombia",TRUE,TRUE,,"own","own","own","own"
"COM","Comoros","COM","Comoros","Comoros","F","Africa","F6","Sub-Saharan Africa","F3","Eastern Africa",TRUE,TRUE,,"own","own","own","own"
"COG","Congo","COG","Congo, Rep.","Congo","F","Africa","F6","Sub-Saharan Africa","F5","Middle Africa",TRUE,TRUE,,"own","own","own","own"
"COK","Cook Islands",,,"Cook Islands","O","Oceania","O9","Polynesia","COK","Cook Islands",FALSE,TRUE,"small territory, not a World Bank economy","own","own","own","regional (region)"
"CRI","Costa Rica","CRI","Costa Rica","Costa Rica","A","America","A5","Central America and the Caribbean","A3","Central America",TRUE,TRUE,,"own","own","own","own"
"CIV","Côte d’Ivoire","CIV","Cote d'Ivoire","Côte d'Ivoire","F","Africa","F6","Sub-Saharan Africa","F8","Western Africa",TRUE,TRUE,,"own","own","own","own"
"HRV","Croatia","HRV","Croatia","Croatia","E","Europe","HRV","Croatia","HRV","Croatia",TRUE,TRUE,,"own","own","own","own"
"CUB","Cuba","CUB","Cuba","Cuba","A","America","A5","Central America and the Caribbean","A4","Caribbean",TRUE,TRUE,,"own","own","own","own"
"CYP","Cyprus","CYP","Cyprus","Cyprus","E","Europe","CYP","Cyprus","CYP","Cyprus",TRUE,TRUE,,"own","own","own","own"
"PRK","Democratic People’s Republic of Korea","PRK","Korea, Dem. People's Rep.","Democratic People's Republic of Korea","S","Asia","S97","Far East Asia","PRK","Democratic People’s Republic of Korea",TRUE,TRUE,,"own","own","own","regional (region)"
"COD","Democratic Republic of the Congo","COD","Congo, Dem. Rep.","Democratic Republic of the Congo","F","Africa","F6","Sub-Saharan Africa","F5","Middle Africa",TRUE,TRUE,,"own","own","own","own"
"DJI","Djibouti","DJI","Djibouti","Djibouti","F","Africa","F6","Sub-Saharan Africa","F3","Eastern Africa",TRUE,TRUE,,"own","own","own","own"
"DMA","Dominica","DMA","Dominica","Dominica","A","America","A5","Central America and the Caribbean","A4","Caribbean",TRUE,TRUE,,"own","own","own","own"
"DOM","Dominican Republic","DOM","Dominican Republic","Dominican Republic","A","America","A5","Central America and the Caribbean","A4","Caribbean",TRUE,TRUE,,"own","own","own","own"
"EAC","East African Community",,,,"F","Africa","F6","Sub-Saharan Africa","F3","Eastern Africa",FALSE,FALSE,"OECD programme, not a country","regional (subregion)","regional (subregion)","regional (subregion)","regional (subregion)"
"ECU","Ecuador","ECU","Ecuador","Ecuador","A","America","A7","South America","ECU","Ecuador",TRUE,TRUE,,"own","own","own","own"
"EGY","Egypt","EGY","Egypt, Arab Rep.","Egypt","F","Africa","F4","Northern Africa","EGY","Egypt",TRUE,TRUE,,"own","own","own","own"
"SLV","El Salvador","SLV","El Salvador","El Salvador","A","America","A5","Central America and the Caribbean","A3","Central America",TRUE,TRUE,,"own","own","own","own"
"GNQ","Equatorial Guinea","GNQ","Equatorial Guinea","Equatorial Guinea","F","Africa","F6","Sub-Saharan Africa","F5","Middle Africa",TRUE,TRUE,,"own","own","own","own"
"ERI","Eritrea","ERI","Eritrea","Eritrea","F","Africa","F6","Sub-Saharan Africa","F3","Eastern Africa",TRUE,TRUE,,"own","own","own","own"
"SWZ","Eswatini","SWZ","Eswatini","Eswatini","F","Africa","F6","Sub-Saharan Africa","F7","Southern Africa",TRUE,TRUE,,"own","own","own","own"
"ETH","Ethiopia","ETH","Ethiopia","Ethiopia","F","Africa","F6","Sub-Saharan Africa","F3","Eastern Africa",TRUE,TRUE,,"own","own","own","own"
"FJI","Fiji","FJI","Fiji","Fiji","O","Oceania","O7","Melanesia","FJI","Fiji",TRUE,TRUE,,"own","own","own","own"
"PYF","French Polynesia","PYF","French Polynesia",,"O","Oceania","O9","Polynesia","PYF","French Polynesia",TRUE,FALSE,,"regional (region)","regional (region)","regional (region)","regional (region)"
"GAB","Gabon","GAB","Gabon","Gabon","F","Africa","F6","Sub-Saharan Africa","F5","Middle Africa",TRUE,TRUE,,"own","own","own","own"
"GMB","Gambia","GMB","Gambia, The","Gambia","F","Africa","F6","Sub-Saharan Africa","F8","Western Africa",TRUE,TRUE,,"own","own","own","own"
"GEO","Georgia","GEO","Georgia","Georgia","S","Asia","S4_S7","Southern and Central Asia","GEO","Georgia",TRUE,TRUE,,"own","own","own","own"
"GHA","Ghana","GHA","Ghana","Ghana","F","Africa","F6","Sub-Saharan Africa","F8","Western Africa",TRUE,TRUE,,"own","own","own","own"
"GIB","Gibraltar","GIB","Gibraltar",,"E","Europe","GIB","Gibraltar","GIB","Gibraltar",TRUE,FALSE,,"regional (continent)","regional (continent)","regional (continent)","regional (continent)"
"GRD","Grenada","GRD","Grenada","Grenada","A","America","A5","Central America and the Caribbean","A4","Caribbean",TRUE,TRUE,,"own","own","own","own"
"GTM","Guatemala","GTM","Guatemala","Guatemala","A","America","A5","Central America and the Caribbean","A3","Central America",TRUE,TRUE,,"own","own","own","own"
"GIN","Guinea","GIN","Guinea","Guinea","F","Africa","F6","Sub-Saharan Africa","F8","Western Africa",TRUE,TRUE,,"own","own","own","own"
"GNB","Guinea-Bissau","GNB","Guinea-Bissau","Guinea-Bissau","F","Africa","F6","Sub-Saharan Africa","F8","Western Africa",TRUE,TRUE,,"own","own","own","own"
"GUY","Guyana","GUY","Guyana","Guyana","A","America","A7","South America","GUY","Guyana",TRUE,TRUE,,"own","own","own","own"
"HTI","Haiti","HTI","Haiti","Haiti","A","America","A5","Central America and the Caribbean","A4","Caribbean",TRUE,TRUE,,"own","own","own","own"
"HND","Honduras","HND","Honduras","Honduras","A","America","A5","Central America and the Caribbean","A3","Central America",TRUE,TRUE,,"own","own","own","own"
"HKG","Hong Kong (China)","HKG","Hong Kong SAR, China",,"S","Asia","S97","Far East Asia","HKG","Hong Kong (China)",TRUE,FALSE,,"regional (region)","regional (region)","regional (region)","regional (region)"
"IND","India","IND","India","India","S","Asia","S4_S7","Southern and Central Asia","IND","India",TRUE,TRUE,,"own","own","own","own"
"IDN","Indonesia","IDN","Indonesia","Indonesia","S","Asia","S97","Far East Asia","IDN","Indonesia",TRUE,TRUE,,"own","own","own","own"
"INDUS","Indus Basin",,,,"S","Asia","S4_S7","Southern and Central Asia","INDUS","Indus Basin",FALSE,FALSE,"OECD programme, not a country","regional (region)","regional (region)","regional (region)","regional (region)"
"IRN","Iran","IRN","Iran, Islamic Rep.","Iran (Islamic Republic of)","S","Asia","F97","Middle East","IRN","Iran",TRUE,TRUE,,"own","own","own","own"
"IRQ","Iraq","IRQ","Iraq","Iraq","S","Asia","F97","Middle East","IRQ","Iraq",TRUE,TRUE,,"own","own","own","own"
"ISR","Israel","ISR","Israel","Israel","S","Asia","F97","Middle East","ISR","Israel",TRUE,TRUE,,"own","own","own","own"
"JAM","Jamaica","JAM","Jamaica","Jamaica","A","America","A5","Central America and the Caribbean","A4","Caribbean",TRUE,TRUE,,"own","own","own","own"
"JOR","Jordan","JOR","Jordan","Jordan","S","Asia","F97","Middle East","JOR","Jordan",TRUE,TRUE,,"own","own","own","own"
"KAZ","Kazakhstan","KAZ","Kazakhstan","Kazakhstan","S","Asia","S4_S7","Southern and Central Asia","KAZ","Kazakhstan",TRUE,TRUE,,"own","own","own","own"
"KEN","Kenya","KEN","Kenya","Kenya","F","Africa","F6","Sub-Saharan Africa","F3","Eastern Africa",TRUE,TRUE,,"own","own","own","own"
"KIR","Kiribati","KIR","Kiribati","Kiribati","O","Oceania","O8","Micronesia","KIR","Kiribati",TRUE,TRUE,,"own","own","own","own"
"KOR","Korea","KOR","Korea, Rep.","Republic of Korea","S","Asia","S97","Far East Asia","KOR","Korea",TRUE,TRUE,,"own","own","own","own"
"XKV","Kosovo","XKX","Kosovo",,"E","Europe","XKV","Kosovo","XKV","Kosovo",TRUE,FALSE,,"regional (continent)","regional (continent)","regional (continent)","regional (continent)"
"KWT","Kuwait","KWT","Kuwait","Kuwait","S","Asia","F97","Middle East","KWT","Kuwait",TRUE,TRUE,,"own","own","own","own"
"KGZ","Kyrgyzstan","KGZ","Kyrgyz Republic","Kyrgyzstan","S","Asia","S4_S7","Southern and Central Asia","KGZ","Kyrgyzstan",TRUE,TRUE,,"own","own","own","own"
"LAO","Lao People’s Democratic Republic","LAO","Lao PDR","Lao People's Democratic Republic","S","Asia","S97","Far East Asia","LAO","Lao People’s Democratic Republic",TRUE,TRUE,,"own","own","own","own"
"LBN","Lebanon","LBN","Lebanon","Lebanon","S","Asia","F97","Middle East","LBN","Lebanon",TRUE,TRUE,,"own","own","own","own"
"LSO","Lesotho","LSO","Lesotho","Lesotho","F","Africa","F6","Sub-Saharan Africa","F7","Southern Africa",TRUE,TRUE,,"own","own","own","own"
"LBR","Liberia","LBR","Liberia","Liberia","F","Africa","F6","Sub-Saharan Africa","F8","Western Africa",TRUE,TRUE,,"own","own","own","own"
"LBY","Libya","LBY","Libya","Libya","F","Africa","F4","Northern Africa","LBY","Libya",TRUE,TRUE,,"own","own","own","own"
"MAC","Macau (China)","MAC","Macao SAR, China",,"S","Asia","S97","Far East Asia","MAC","Macau (China)",TRUE,FALSE,,"regional (region)","regional (region)","regional (region)","regional (region)"
"MDG","Madagascar","MDG","Madagascar","Madagascar","F","Africa","F6","Sub-Saharan Africa","F3","Eastern Africa",TRUE,TRUE,,"own","own","own","own"
"MWI","Malawi","MWI","Malawi","Malawi","F","Africa","F6","Sub-Saharan Africa","F3","Eastern Africa",TRUE,TRUE,,"own","own","own","own"
"MYS","Malaysia","MYS","Malaysia","Malaysia","S","Asia","S97","Far East Asia","MYS","Malaysia",TRUE,TRUE,,"own","own","own","own"
"MDV","Maldives","MDV","Maldives","Maldives","S","Asia","S4_S7","Southern and Central Asia","MDV","Maldives",TRUE,TRUE,,"own","own","own","own"
"MLI","Mali","MLI","Mali","Mali","F","Africa","F6","Sub-Saharan Africa","F8","Western Africa",TRUE,TRUE,,"own","own","own","own"
"MLT","Malta","MLT","Malta","Malta","E","Europe","MLT","Malta","MLT","Malta",TRUE,TRUE,,"own","own","own","own"
"MHL","Marshall Islands","MHL","Marshall Islands","Marshall Islands","O","Oceania","O8","Micronesia","MHL","Marshall Islands",TRUE,TRUE,,"own","own","own","own"
"MRT","Mauritania","MRT","Mauritania","Mauritania","F","Africa","F6","Sub-Saharan Africa","F8","Western Africa",TRUE,TRUE,,"own","own","own","own"
"MUS","Mauritius","MUS","Mauritius","Mauritius","F","Africa","F6","Sub-Saharan Africa","F3","Eastern Africa",TRUE,TRUE,,"own","own","own","own"
"MYT","Mayotte",,,,"F","Africa","F6","Sub-Saharan Africa","F3","Eastern Africa",FALSE,FALSE,"small territory, not a World Bank economy","regional (subregion)","regional (subregion)","regional (subregion)","regional (subregion)"
"MKNG","Mekong Delta",,,,"S","Asia","S97","Far East Asia","MKNG","Mekong Delta",FALSE,FALSE,"OECD programme, not a country","regional (region)","regional (region)","regional (region)","regional (region)"
"MEX","Mexico","MEX","Mexico","Mexico","A","America","A5","Central America and the Caribbean","A3","Central America",TRUE,TRUE,,"own","own","own","own"
"FSM","Micronesia","FSM","Micronesia, Fed. Sts.","Micronesia (Federated States of)","O","Oceania","O8","Micronesia","FSM","Micronesia",TRUE,TRUE,,"own","own","own","own"
"MDA","Moldova","MDA","Moldova","Republic of Moldova","E","Europe","MDA","Moldova","MDA","Moldova",TRUE,TRUE,,"own","own","own","own"
"MNG","Mongolia","MNG","Mongolia","Mongolia","S","Asia","S97","Far East Asia","MNG","Mongolia",TRUE,TRUE,,"own","own","own","own"
"MNE","Montenegro","MNE","Montenegro","Montenegro","E","Europe","MNE","Montenegro","MNE","Montenegro",TRUE,TRUE,,"own","own","own","own"
"MSR","Montserrat",,,,"A","America","A5","Central America and the Caribbean","A4","Caribbean",FALSE,FALSE,"small territory, not a World Bank economy","regional (subregion)","regional (subregion)","regional (subregion)","regional (subregion)"
"MAR","Morocco","MAR","Morocco","Morocco","F","Africa","F4","Northern Africa","MAR","Morocco",TRUE,TRUE,,"own","own","own","own"
"MOZ","Mozambique","MOZ","Mozambique","Mozambique","F","Africa","F6","Sub-Saharan Africa","F3","Eastern Africa",TRUE,TRUE,,"own","own","own","own"
"MMR","Myanmar","MMR","Myanmar","Myanmar","S","Asia","S4_S7","Southern and Central Asia","MMR","Myanmar",TRUE,TRUE,,"own","own","own","own"
"NAM","Namibia","NAM","Namibia","Namibia","F","Africa","F6","Sub-Saharan Africa","F7","Southern Africa",TRUE,TRUE,,"own","own","own","own"
"NRU","Nauru","NRU","Naoero","Nauru","O","Oceania","O8","Micronesia","NRU","Nauru",TRUE,TRUE,,"own","own","own","own"
"NPL","Nepal","NPL","Nepal","Nepal","S","Asia","S4_S7","Southern and Central Asia","NPL","Nepal",TRUE,TRUE,,"own","own","own","own"
"NCL","New Caledonia","NCL","New Caledonia",,"O","Oceania","O7","Melanesia","NCL","New Caledonia",TRUE,FALSE,,"regional (region)","regional (region)","regional (region)","regional (region)"
"NIC","Nicaragua","NIC","Nicaragua","Nicaragua","A","America","A5","Central America and the Caribbean","A3","Central America",TRUE,TRUE,,"own","own","own","own"
"NER","Niger","NER","Niger","Niger","F","Africa","F6","Sub-Saharan Africa","F8","Western Africa",TRUE,TRUE,,"own","own","own","own"
"NGA","Nigeria","NGA","Nigeria","Nigeria","F","Africa","F6","Sub-Saharan Africa","F8","Western Africa",TRUE,TRUE,,"own","own","own","own"
"NIU","Niue",,,"Niue","O","Oceania","O9","Polynesia","NIU","Niue",FALSE,TRUE,"small territory, not a World Bank economy","own","own","own","regional (region)"
"MKD","North Macedonia","MKD","North Macedonia","North Macedonia","E","Europe","MKD","North Macedonia","MKD","North Macedonia",TRUE,TRUE,,"own","own","own","own"
"MNP","Northern Mariana Islands","MNP","Northern Mariana Islands","Northern Mariana Islands","O","Oceania","O8","Micronesia","MNP","Northern Mariana Islands",TRUE,TRUE,,"own","own","own","regional (region)"
"OMN","Oman","OMN","Oman","Oman","S","Asia","F97","Middle East","OMN","Oman",TRUE,TRUE,,"own","own","own","own"
"PAK","Pakistan","PAK","Pakistan","Pakistan","S","Asia","S4_S7","Southern and Central Asia","PAK","Pakistan",TRUE,TRUE,,"own","own","own","own"
"PLW","Palau","PLW","Palau","Palau","O","Oceania","O8","Micronesia","PLW","Palau",TRUE,TRUE,,"own","own","own","own"
"PSE","Palestinian Authority or West Bank and Gaza Strip","PSE","West Bank and Gaza","Palestine","S","Asia","F97","Middle East","PSE","Palestinian Authority or West Bank and Gaza Strip",TRUE,TRUE,,"own","own","own","own"
"PAN","Panama","PAN","Panama","Panama","A","America","A5","Central America and the Caribbean","A3","Central America",TRUE,TRUE,,"own","own","own","own"
"PNG","Papua New Guinea","PNG","Papua New Guinea","Papua New Guinea","O","Oceania","O7","Melanesia","PNG","Papua New Guinea",TRUE,TRUE,,"own","own","own","own"
"PRY","Paraguay","PRY","Paraguay","Paraguay","A","America","A7","South America","PRY","Paraguay",TRUE,TRUE,,"own","own","own","own"
"PER","Peru","PER","Peru","Peru","A","America","A7","South America","PER","Peru",TRUE,TRUE,,"own","own","own","own"
"PHL","Philippines","PHL","Philippines","Philippines","S","Asia","S97","Far East Asia","PHL","Philippines",TRUE,TRUE,,"own","own","own","own"
"QAT","Qatar","QAT","Qatar","Qatar","S","Asia","F97","Middle East","QAT","Qatar",TRUE,TRUE,,"own","own","own","own"
"RWA","Rwanda","RWA","Rwanda","Rwanda","F","Africa","F6","Sub-Saharan Africa","F3","Eastern Africa",TRUE,TRUE,,"own","own","own","own"
"SHN","Saint Helena",,,,"F","Africa","F6","Sub-Saharan Africa","F8","Western Africa",FALSE,FALSE,"small territory, not a World Bank economy","regional (subregion)","regional (subregion)","regional (subregion)","regional (subregion)"
"KNA","Saint Kitts and Nevis","KNA","St. Kitts and Nevis","Saint Kitts and Nevis","A","America","A5","Central America and the Caribbean","A4","Caribbean",TRUE,TRUE,,"own","own","own","own"
"LCA","Saint Lucia","LCA","St. Lucia","Saint Lucia","A","America","A5","Central America and the Caribbean","A4","Caribbean",TRUE,TRUE,,"own","own","own","own"
"VCT","Saint Vincent and the Grenadines","VCT","St. Vincent and the Grenadines","Saint Vincent and the Grenadines","A","America","A5","Central America and the Caribbean","A4","Caribbean",TRUE,TRUE,,"own","own","own","own"
"WSM","Samoa","WSM","Samoa","Samoa","O","Oceania","O9","Polynesia","WSM","Samoa",TRUE,TRUE,,"own","own","own","own"
"STP","Sao Tome and Principe","STP","Sao Tome and Principe","Sao Tome and Principe","F","Africa","F6","Sub-Saharan Africa","F5","Middle Africa",TRUE,TRUE,,"own","own","own","own"
"SAU","Saudi Arabia","SAU","Saudi Arabia","Saudi Arabia","S","Asia","F97","Middle East","SAU","Saudi Arabia",TRUE,TRUE,,"own","own","own","own"
"SEN","Senegal","SEN","Senegal","Senegal","F","Africa","F6","Sub-Saharan Africa","F8","Western Africa",TRUE,TRUE,,"own","own","own","own"
"SRB","Serbia","SRB","Serbia","Serbia","E","Europe","SRB","Serbia","SRB","Serbia",TRUE,TRUE,,"own","own","own","own"
"SYC","Seychelles","SYC","Seychelles","Seychelles","F","Africa","F6","Sub-Saharan Africa","F3","Eastern Africa",TRUE,TRUE,,"own","own","own","own"
"SLE","Sierra Leone","SLE","Sierra Leone","Sierra Leone","F","Africa","F6","Sub-Saharan Africa","F8","Western Africa",TRUE,TRUE,,"own","own","own","own"
"SGP","Singapore","SGP","Singapore","Singapore","S","Asia","S97","Far East Asia","SGP","Singapore",TRUE,TRUE,,"own","own","own","own"
"SXM","Sint Maarten","SXM","Sint Maarten (Dutch part)",,"A","America","A5","Central America and the Caribbean","A4","Caribbean",TRUE,FALSE,,"regional (subregion)","regional (subregion)","regional (subregion)","regional (subregion)"
"SVN","Slovenia","SVN","Slovenia","Slovenia","E","Europe","SVN","Slovenia","SVN","Slovenia",TRUE,TRUE,,"own","own","own","own"
"SLB","Solomon Islands","SLB","Solomon Islands","Solomon Islands","O","Oceania","O7","Melanesia","SLB","Solomon Islands",TRUE,TRUE,,"own","own","own","own"
"SOM","Somalia","SOM","Somalia, Fed. Rep.","Somalia","F","Africa","F6","Sub-Saharan Africa","F3","Eastern Africa",TRUE,TRUE,,"own","own","own","own"
"ZAF","South Africa","ZAF","South Africa","South Africa","F","Africa","F6","Sub-Saharan Africa","F7","Southern Africa",TRUE,TRUE,,"own","own","own","own"
"SSD","South Sudan","SSD","South Sudan","South Sudan","F","Africa","F6","Sub-Saharan Africa","F3","Eastern Africa",TRUE,TRUE,,"own","own","own","own"
"LKA","Sri Lanka","LKA","Sri Lanka","Sri Lanka","S","Asia","S4_S7","Southern and Central Asia","LKA","Sri Lanka",TRUE,TRUE,,"own","own","own","own"
"SDN","Sudan","SDN","Sudan","Sudan","F","Africa","F6","Sub-Saharan Africa","F3","Eastern Africa",TRUE,TRUE,,"own","own","own","own"
"SUR","Suriname","SUR","Suriname","Suriname","A","America","A7","South America","SUR","Suriname",TRUE,TRUE,,"own","own","own","own"
"SYR","Syrian Arab Republic","SYR","Syrian Arab Republic","Syrian Arab Republic","S","Asia","F97","Middle East","SYR","Syrian Arab Republic",TRUE,TRUE,,"own","own","own","own"
"TJK","Tajikistan","TJK","Tajikistan","Tajikistan","S","Asia","S4_S7","Southern and Central Asia","TJK","Tajikistan",TRUE,TRUE,,"own","own","own","own"
"TZA","Tanzania","TZA","Tanzania","United Republic of Tanzania","F","Africa","F6","Sub-Saharan Africa","F3","Eastern Africa",TRUE,TRUE,,"own","own","own","own"
"THA","Thailand","THA","Thailand","Thailand","S","Asia","S97","Far East Asia","THA","Thailand",TRUE,TRUE,,"own","own","own","own"
"TLS","Timor-Leste","TLS","Timor-Leste","Timor-Leste","S","Asia","S97","Far East Asia","TLS","Timor-Leste",TRUE,TRUE,,"own","own","own","own"
"TGO","Togo","TGO","Togo","Togo","F","Africa","F6","Sub-Saharan Africa","F8","Western Africa",TRUE,TRUE,,"own","own","own","own"
"TKL","Tokelau",,,"Tokelau","O","Oceania","O9","Polynesia","TKL","Tokelau",FALSE,TRUE,"small territory, not a World Bank economy","own","own","own","regional (region)"
"TON","Tonga","TON","Tonga","Tonga","O","Oceania","O9","Polynesia","TON","Tonga",TRUE,TRUE,,"own","own","own","own"
"TTO","Trinidad and Tobago","TTO","Trinidad and Tobago","Trinidad and Tobago","A","America","A5","Central America and the Caribbean","A4","Caribbean",TRUE,TRUE,,"own","own","own","own"
"TUN","Tunisia","TUN","Tunisia","Tunisia","F","Africa","F4","Northern Africa","TUN","Tunisia",TRUE,TRUE,,"own","own","own","own"
"TUR","Türkiye","TUR","Turkiye","Türkiye","E","Europe","TUR","Türkiye","TUR","Türkiye",TRUE,TRUE,,"own","own","own","own"
"TKM","Turkmenistan","TKM","Turkmenistan","Turkmenistan","S","Asia","S4_S7","Southern and Central Asia","TKM","Turkmenistan",TRUE,TRUE,,"own","own","own","own"
"TCA","Turks and Caicos Islands","TCA","Turks and Caicos Islands",,"A","America","A5","Central America and the Caribbean","A4","Caribbean",TRUE,FALSE,,"regional (subregion)","regional (subregion)","regional (subregion)","regional (subregion)"
"TUV","Tuvalu","TUV","Tuvalu","Tuvalu","O","Oceania","O9","Polynesia","TUV","Tuvalu",TRUE,TRUE,,"own","own","own","own"
"UGA","Uganda","UGA","Uganda","Uganda","F","Africa","F6","Sub-Saharan Africa","F3","Eastern Africa",TRUE,TRUE,,"own","own","own","own"
"UKR","Ukraine","UKR","Ukraine","Ukraine","E","Europe","UKR","Ukraine","UKR","Ukraine",TRUE,TRUE,,"own","own","own","own"
"ARE","United Arab Emirates","ARE","United Arab Emirates","United Arab Emirates","S","Asia","F97","Middle East","ARE","United Arab Emirates",TRUE,TRUE,,"own","own","own","own"
"URY","Uruguay","URY","Uruguay","Uruguay","A","America","A7","South America","URY","Uruguay",TRUE,TRUE,,"own","own","own","own"
"UZB","Uzbekistan","UZB","Uzbekistan","Uzbekistan","S","Asia","S4_S7","Southern and Central Asia","UZB","Uzbekistan",TRUE,TRUE,,"own","own","own","own"
"VUT","Vanuatu","VUT","Vanuatu","Vanuatu","O","Oceania","O7","Melanesia","VUT","Vanuatu",TRUE,TRUE,,"own","own","own","own"
"VEN","Venezuela","VEN","Venezuela, RB","Venezuela (Bolivarian Republic of)","A","America","A7","South America","VEN","Venezuela",TRUE,TRUE,,"own","own","own","own"
"VNM","Viet Nam","VNM","Viet Nam","Viet Nam","S","Asia","S97","Far East Asia","VNM","Viet Nam",TRUE,TRUE,,"own","own","own","own"
"WLF","Wallis and Futuna",,,,"O","Oceania","O9","Polynesia","WLF","Wallis and Futuna",FALSE,FALSE,"small territory, not a World Bank economy","regional (region)","regional (region)","regional (region)","regional (region)"
"YEM","Yemen","YEM","Yemen, Rep.","Yemen","S","Asia","F97","Middle East","YEM","Yemen",TRUE,TRUE,,"own","own","own","own"
"ZMB","Zambia","ZMB","Zambia","Zambia","F","Africa","F6","Sub-Saharan Africa","F3","Eastern Africa",TRUE,TRUE,,"own","own","own","own"
"ZWE","Zimbabwe","ZWE","Zimbabwe","Zimbabwe","F","Africa","F6","Sub-Saharan Africa","F3","Eastern Africa",TRUE,TRUE,,"own","own","own","own"
